id,identifier,name,evolves_from_species_id,rarity_id,is_starter,can_switch_forms,is_fake,order
1,bulbasaur,Bulbasaur,,8,t,f,f,1
2,ivysaur,Ivysaur,1,,f,f,f,2
3,venusaur,Venusaur,2,,f,t,f,3
4,charmander,Charmander,,8,t,f,f,4
5,charmeleon,Charmeleon,4,,f,f,f,5
6,charizard,Charizard,5,,f,t,f,6
7,squirtle,Squirtle,,8,t,f,f,7
8,wartortle,Wartortle,7,,f,f,f,8
9,blastoise,Blastoise,8,,f,t,f,9
10,caterpie,Caterpie,,1,f,f,f,10
11,metapod,Metapod,10,,f,f,f,11
12,butterfree,Butterfree,11,,f,f,f,12
13,weedle,Weedle,,1,f,f,f,13
14,kakuna,Kakuna,13,,f,f,f,14
15,beedrill,Beedrill,14,,f,f,f,15
16,pidgey,Pidgey,,1,f,f,f,16
17,pidgeotto,Pidgeotto,16,,f,f,f,17
18,pidgeot,Pidgeot,17,,f,f,f,18
19,rattata,Rattata,,1,f,f,f,19
20,raticate,Raticate,19,,f,f,f,20
21,spearow,Spearow,,1,f,f,f,21
22,fearow,Fearow,21,,f,f,f,22
23,ekans,Ekans,,1,f,f,f,23
24,arbok,Arbok,23,,f,f,f,24
25,pikachu,Pikachu,172,,f,f,f,26
26,raichu,Raichu,25,,f,f,f,27
27,sandshrew,Sandshrew,,1,f,f,f,28
28,sandslash,Sandslash,27,,f,f,f,29
29,nidoran-f,Nidoran♀,,2,f,f,f,30
30,nidorina,Nidorina,29,,f,f,f,31
31,nidoqueen,Nidoqueen,30,,f,f,f,32
32,nidoran-m,Nidoran♂,,2,f,f,f,33
33,nidorino,Nidorino,32,,f,f,f,34
34,nidoking,Nidoking,33,,f,f,f,35
35,clefairy,Clefairy,173,,f,f,f,37
36,clefable,Clefable,35,,f,f,f,38
37,vulpix,Vulpix,,3,f,f,f,39
38,ninetales,Ninetales,37,,f,f,f,40
39,jigglypuff,Jigglypuff,174,,f,f,f,42
40,wigglytuff,Wigglytuff,39,,f,f,f,43
41,zubat,Zubat,,1,f,f,f,44
42,golbat,Golbat,41,,f,f,f,45
43,oddish,Oddish,,1,f,f,f,47
44,gloom,Gloom,43,,f,f,f,48
45,vileplume,Vileplume,44,,f,f,f,49
46,paras,Paras,,3,f,f,f,51
47,parasect,Parasect,46,,f,f,f,52
48,venonat,Venonat,,3,f,f,f,53
49,venomoth,Venomoth,48,,f,f,f,54
50,diglett,Diglett,,3,f,f,f,55
51,dugtrio,Dugtrio,50,,f,f,f,56
52,meowth,Meowth,,1,f,f,f,57
53,persian,Persian,52,,f,f,f,58
54,psyduck,Psyduck,,2,f,f,f,59
55,golduck,Golduck,54,,f,f,f,60
56,mankey,Mankey,,3,f,f,f,61
57,primeape,Primeape,56,,f,f,f,62
58,growlithe,Growlithe,,3,f,f,f,63
59,arcanine,Arcanine,58,,f,f,f,64
60,poliwag,Poliwag,,1,f,f,f,65
61,poliwhirl,Poliwhirl,60,,f,f,f,66
62,poliwrath,Poliwrath,61,,f,f,f,67
63,abra,Abra,,2,f,f,f,69
64,kadabra,Kadabra,63,,f,f,f,70
65,alakazam,Alakazam,64,,f,t,f,71
66,machop,Machop,,5,f,f,f,72
67,machoke,Machoke,66,,f,f,f,73
68,machamp,Machamp,67,,f,f,f,74
69,bellsprout,Bellsprout,,1,f,f,f,75
70,weepinbell,Weepinbell,69,,f,f,f,76
71,victreebel,Victreebel,70,,f,f,f,77
72,tentacool,Tentacool,,1,f,f,f,78
73,tentacruel,Tentacruel,72,,f,f,f,79
74,geodude,Geodude,,1,f,f,f,80
75,graveler,Graveler,74,,f,f,f,81
76,golem,Golem,75,,f,f,f,82
77,ponyta,Ponyta,,3,f,f,f,83
78,rapidash,Rapidash,77,,f,f,f,84
79,slowpoke,Slowpoke,,2,f,f,f,85
80,slowbro,Slowbro,79,,f,f,f,86
81,magnemite,Magnemite,,3,f,f,f,88
82,magneton,Magneton,81,,f,f,f,89
83,farfetchd,Farfetch'd,,6,f,f,f,91
84,doduo,Doduo,,3,f,f,f,92
85,dodrio,Dodrio,84,,f,f,f,93
86,seel,Seel,,4,f,f,f,94
87,dewgong,Dewgong,86,,f,f,f,95
88,grimer,Grimer,,3,f,f,f,96
89,muk,Muk,88,,f,f,f,97
90,shellder,Shellder,,4,f,f,f,98
91,cloyster,Cloyster,90,,f,f,f,99
92,gastly,Gastly,,2,f,f,f,100
93,haunter,Haunter,92,,f,f,f,101
94,gengar,Gengar,93,,f,t,f,102
95,onix,Onix,,6,f,f,f,103
96,drowzee,Drowzee,,2,f,f,f,105
97,hypno,Hypno,96,,f,f,f,106
98,krabby,Krabby,,2,f,f,f,107
99,kingler,Kingler,98,,f,f,f,108
100,voltorb,Voltorb,,3,f,f,f,109
101,electrode,Electrode,100,,f,f,f,110
102,exeggcute,Exeggcute,,5,f,f,f,111
103,exeggutor,Exeggutor,102,,f,f,f,112
104,cubone,Cubone,,4,f,f,f,113
105,marowak,Marowak,104,,f,f,f,114
106,hitmonlee,Hitmonlee,236,,f,f,f,116
107,hitmonchan,Hitmonchan,236,,f,f,f,117
108,lickitung,Lickitung,,7,f,f,f,119
109,koffing,Koffing,,3,f,f,f,121
110,weezing,Weezing,109,,f,f,f,122
111,rhyhorn,Rhyhorn,,5,f,f,f,123
112,rhydon,Rhydon,111,,f,f,f,124
113,chansey,Chansey,440,,f,f,f,127
114,tangela,Tangela,,7,f,f,f,129
115,kangaskhan,Kangaskhan,,7,f,t,f,131
116,horsea,Horsea,,2,f,f,f,132
117,seadra,Seadra,116,,f,f,f,133
118,goldeen,Goldeen,,1,f,f,f,135
119,seaking,Seaking,118,,f,f,f,136
120,staryu,Staryu,,2,f,f,f,137
121,starmie,Starmie,120,,f,f,f,138
122,mr-mime,Mr. Mime,439,,f,f,f,140
123,scyther,Scyther,,7,f,f,f,141
124,jynx,Jynx,238,,f,f,f,144
125,electabuzz,Electabuzz,239,,f,f,f,146
126,magmar,Magmar,240,,f,f,f,149
127,pinsir,Pinsir,,7,f,t,f,151
128,tauros,Tauros,,6,f,f,f,152
129,magikarp,Magikarp,,1,f,f,f,153
130,gyarados,Gyarados,129,,f,t,f,154
131,lapras,Lapras,,8,f,f,f,155
132,ditto,Ditto,,7,f,f,f,156
133,eevee,Eevee,,8,f,f,f,157
134,vaporeon,Vaporeon,133,,f,f,f,158
135,jolteon,Jolteon,133,,f,f,f,159
136,flareon,Flareon,133,,f,f,f,160
137,porygon,Porygon,,8,f,f,f,166
138,omanyte,Omanyte,,8,f,f,f,169
139,omastar,Omastar,138,,f,f,f,170
140,kabuto,Kabuto,,8,f,f,f,171
141,kabutops,Kabutops,140,,f,f,f,172
142,aerodactyl,Aerodactyl,,8,f,t,f,173
143,snorlax,Snorlax,446,,f,f,f,175
144,articuno,Articuno,,,f,f,f,176
145,zapdos,Zapdos,,,f,f,f,177
146,moltres,Moltres,,,f,f,f,178
147,dratini,Dratini,,7,f,f,f,179
148,dragonair,Dragonair,147,,f,f,f,180
149,dragonite,Dragonite,148,,f,f,f,181
150,mewtwo,Mewtwo,,,f,t,f,182
151,mew,Mew,,,f,f,f,183
152,chikorita,Chikorita,,8,t,f,f,184
153,bayleef,Bayleef,152,,f,f,f,185
154,meganium,Meganium,153,,f,f,f,186
155,cyndaquil,Cyndaquil,,8,t,f,f,187
156,quilava,Quilava,155,,f,f,f,188
157,typhlosion,Typhlosion,156,,f,f,f,189
158,totodile,Totodile,,8,t,f,f,190
159,croconaw,Croconaw,158,,f,f,f,191
160,feraligatr,Feraligatr,159,,f,f,f,192
161,sentret,Sentret,,1,f,f,f,193
162,furret,Furret,161,,f,f,f,194
163,hoothoot,Hoothoot,,1,f,f,f,195
164,noctowl,Noctowl,163,,f,f,f,196
165,ledyba,Ledyba,,1,f,f,f,197
166,ledian,Ledian,165,,f,f,f,198
167,spinarak,Spinarak,,1,f,f,f,199
168,ariados,Ariados,167,,f,f,f,200
169,crobat,Crobat,42,,f,f,f,46
170,chinchou,Chinchou,,3,f,f,f,201
171,lanturn,Lanturn,170,,f,f,f,202
172,pichu,Pichu,,4,f,f,f,25
173,cleffa,Cleffa,,5,f,f,f,36
174,igglybuff,Igglybuff,,5,f,f,f,41
175,togepi,Togepi,,4,f,f,f,203
176,togetic,Togetic,175,,f,f,f,204
177,natu,Natu,,3,f,f,f,206
178,xatu,Xatu,177,,f,f,f,207
179,mareep,Mareep,,2,f,f,f,208
180,flaaffy,Flaaffy,179,,f,f,f,209
181,ampharos,Ampharos,180,,f,t,f,210
182,bellossom,Bellossom,44,,f,f,f,50
183,marill,Marill,298,,f,f,f,212
184,azumarill,Azumarill,183,,f,f,f,213
185,sudowoodo,Sudowoodo,438,,f,f,f,215
186,politoed,Politoed,61,,f,f,f,68
187,hoppip,Hoppip,,1,f,f,f,216
188,skiploom,Skiploom,187,,f,f,f,217
189,jumpluff,Jumpluff,188,,f,f,f,218
190,aipom,Aipom,,7,f,f,f,219
191,sunkern,Sunkern,,2,f,f,f,221
192,sunflora,Sunflora,191,,f,f,f,222
193,yanma,Yanma,,6,f,f,f,223
194,wooper,Wooper,,1,f,f,f,225
195,quagsire,Quagsire,194,,f,f,f,226
196,espeon,Espeon,133,,f,f,f,161
197,umbreon,Umbreon,133,,f,f,f,162
198,murkrow,Murkrow,,5,f,f,f,227
199,slowking,Slowking,79,,f,f,f,87
200,misdreavus,Misdreavus,,6,f,f,f,229
201,unown,Unown,,6,f,f,f,231
202,wobbuffet,Wobbuffet,360,,f,f,f,233
203,girafarig,Girafarig,,6,f,f,f,234
204,pineco,Pineco,,3,f,f,f,235
205,forretress,Forretress,204,,f,f,f,236
206,dunsparce,Dunsparce,,7,f,f,f,237
207,gligar,Gligar,,6,f,f,f,238
208,steelix,Steelix,95,,f,f,f,104
209,snubbull,Snubbull,,3,f,f,f,240
210,granbull,Granbull,209,,f,f,f,241
211,qwilfish,Qwilfish,,7,f,f,f,242
212,scizor,Scizor,123,,f,t,f,142
213,shuckle,Shuckle,,6,f,f,f,243
214,heracross,Heracross,,7,f,t,f,244
215,sneasel,Sneasel,,6,f,f,f,245
216,teddiursa,Teddiursa,,5,f,f,f,247
217,ursaring,Ursaring,216,,f,f,f,248
218,slugma,Slugma,,3,f,f,f,249
219,magcargo,Magcargo,218,,f,f,f,250
220,swinub,Swinub,,3,f,f,f,251
221,piloswine,Piloswine,220,,f,f,f,252
222,corsola,Corsola,,6,f,f,f,254
223,remoraid,Remoraid,,4,f,f,f,255
224,octillery,Octillery,223,,f,f,f,256
225,delibird,Delibird,,7,f,f,f,257
226,mantine,Mantine,458,,f,f,f,259
227,skarmory,Skarmory,,7,f,f,f,260
228,houndour,Houndour,,5,f,f,f,261
229,houndoom,Houndoom,228,,f,t,f,262
230,kingdra,Kingdra,117,,f,f,f,134
231,phanpy,Phanpy,,5,f,f,f,263
232,donphan,Donphan,231,,f,f,f,264
233,porygon2,Porygon2,137,,f,f,f,167
234,stantler,Stantler,,6,f,f,f,265
235,smeargle,Smeargle,,7,f,f,f,266
236,tyrogue,Tyrogue,,7,f,f,f,115
237,hitmontop,Hitmontop,236,,f,f,f,118
238,smoochum,Smoochum,,7,f,f,f,143
239,elekid,Elekid,,7,f,f,f,145
240,magby,Magby,,6,f,f,f,148
241,miltank,Miltank,,6,f,f,f,267
242,blissey,Blissey,113,,f,f,f,128
243,raikou,Raikou,,,f,f,f,268
244,entei,Entei,,,f,f,f,269
245,suicune,Suicune,,,f,f,f,270
246,larvitar,Larvitar,,7,f,f,f,271
247,pupitar,Pupitar,246,,f,f,f,272
248,tyranitar,Tyranitar,247,,f,t,f,273
249,lugia,Lugia,,,f,f,f,274
250,ho-oh,Ho-Oh,,,f,f,f,275
251,celebi,Celebi,,,f,f,f,276
252,treecko,Treecko,,8,t,f,f,277
253,grovyle,Grovyle,252,,f,f,f,278
254,sceptile,Sceptile,253,,f,f,f,279
255,torchic,Torchic,,8,t,f,f,280
256,combusken,Combusken,255,,f,f,f,281
257,blaziken,Blaziken,256,,f,t,f,282
258,mudkip,Mudkip,,8,t,f,f,283
259,marshtomp,Marshtomp,258,,f,f,f,284
260,swampert,Swampert,259,,f,f,f,285
261,poochyena,Poochyena,,1,f,f,f,286
262,mightyena,Mightyena,261,,f,f,f,287
263,zigzagoon,Zigzagoon,,1,f,f,f,288
264,linoone,Linoone,263,,f,f,f,289
265,wurmple,Wurmple,,1,f,f,f,290
266,silcoon,Silcoon,265,,f,f,f,291
267,beautifly,Beautifly,266,,f,f,f,292
268,cascoon,Cascoon,265,,f,f,f,293
269,dustox,Dustox,268,,f,f,f,294
270,lotad,Lotad,,2,f,f,f,295
271,lombre,Lombre,270,,f,f,f,296
272,ludicolo,Ludicolo,271,,f,f,f,297
273,seedot,Seedot,,2,f,f,f,298
274,nuzleaf,Nuzleaf,273,,f,f,f,299
275,shiftry,Shiftry,274,,f,f,f,300
276,taillow,Taillow,,1,f,f,f,301
277,swellow,Swellow,276,,f,f,f,302
278,wingull,Wingull,,2,f,f,f,303
279,pelipper,Pelipper,278,,f,f,f,304
280,ralts,Ralts,,2,f,f,f,305
281,kirlia,Kirlia,280,,f,f,f,306
282,gardevoir,Gardevoir,281,,f,t,f,307
283,surskit,Surskit,,3,f,f,f,309
284,masquerain,Masquerain,283,,f,f,f,310
285,shroomish,Shroomish,,3,f,f,f,311
286,breloom,Breloom,285,,f,f,f,312
287,slakoth,Slakoth,,4,f,f,f,313
288,vigoroth,Vigoroth,287,,f,f,f,314
289,slaking,Slaking,288,,f,f,f,315
290,nincada,Nincada,,2,f,f,f,316
291,ninjask,Ninjask,290,,f,f,f,317
292,shedinja,Shedinja,290,,f,f,f,318
293,whismur,Whismur,,3,f,f,f,319
294,loudred,Loudred,293,,f,f,f,320
295,exploud,Exploud,294,,f,f,f,321
296,makuhita,Makuhita,,5,f,f,f,322
297,hariyama,Hariyama,296,,f,f,f,323
298,azurill,Azurill,,5,f,f,f,211
299,nosepass,Nosepass,,5,f,f,f,324
300,skitty,Skitty,,5,f,f,f,326
301,delcatty,Delcatty,300,,f,f,f,327
302,sableye,Sableye,,7,f,f,f,328
303,mawile,Mawile,,7,f,t,f,329
304,aron,Aron,,5,f,f,f,330
305,lairon,Lairon,304,,f,f,f,331
306,aggron,Aggron,305,,f,t,f,332
307,meditite,Meditite,,5,f,f,f,333
308,medicham,Medicham,307,,f,t,f,334
309,electrike,Electrike,,5,f,f,f,335
310,manectric,Manectric,309,,f,t,f,336
311,plusle,Plusle,,5,f,f,f,337
312,minun,Minun,,5,f,f,f,338
313,volbeat,Volbeat,,5,f,f,f,339
314,illumise,Illumise,,5,f,f,f,340
315,roselia,Roselia,406,,f,f,f,342
316,gulpin,Gulpin,,3,f,f,f,344
317,swalot,Swalot,316,,f,f,f,345
318,carvanha,Carvanha,,4,f,f,f,346
319,sharpedo,Sharpedo,318,,f,f,f,347
320,wailmer,Wailmer,,5,f,f,f,348
321,wailord,Wailord,320,,f,f,f,349
322,numel,Numel,,3,f,f,f,350
323,camerupt,Camerupt,322,,f,f,f,351
324,torkoal,Torkoal,,6,f,f,f,352
325,spoink,Spoink,,3,f,f,f,353
326,grumpig,Grumpig,325,,f,f,f,354
327,spinda,Spinda,,5,f,f,f,355
328,trapinch,Trapinch,,4,f,f,f,356
329,vibrava,Vibrava,328,,f,f,f,357
330,flygon,Flygon,329,,f,f,f,358
331,cacnea,Cacnea,,4,f,f,f,359
332,cacturne,Cacturne,331,,f,f,f,360
333,swablu,Swablu,,3,f,f,f,361
334,altaria,Altaria,333,,f,f,f,362
335,zangoose,Zangoose,,6,f,f,f,363
336,seviper,Seviper,,6,f,f,f,364
337,lunatone,Lunatone,,6,f,f,f,365
338,solrock,Solrock,,6,f,f,f,366
339,barboach,Barboach,,3,f,f,f,367
340,whiscash,Whiscash,339,,f,f,f,368
341,corphish,Corphish,,4,f,f,f,369
342,crawdaunt,Crawdaunt,341,,f,f,f,370
343,baltoy,Baltoy,,4,f,f,f,371
344,claydol,Claydol,343,,f,f,f,372
345,lileep,Lileep,,8,f,f,f,373
346,cradily,Cradily,345,,f,f,f,374
347,anorith,Anorith,,8,f,f,f,375
348,armaldo,Armaldo,347,,f,f,f,376
349,feebas,Feebas,,4,f,f,f,377
350,milotic,Milotic,349,,f,f,f,378
351,castform,Castform,,8,f,t,f,379
352,kecleon,Kecleon,,6,f,f,f,380
353,shuppet,Shuppet,,4,f,f,f,381
354,banette,Banette,353,,f,t,f,382
355,duskull,Duskull,,4,f,f,f,383
356,dusclops,Dusclops,355,,f,f,f,384
357,tropius,Tropius,,7,f,f,f,386
358,chimecho,Chimecho,433,,f,f,f,388
359,absol,Absol,,7,f,t,f,389
360,wynaut,Wynaut,,5,f,f,f,232
361,snorunt,Snorunt,,4,f,f,f,390
362,glalie,Glalie,361,,f,f,f,391
363,spheal,Spheal,,4,f,f,f,393
364,sealeo,Sealeo,363,,f,f,f,394
365,walrein,Walrein,364,,f,f,f,395
366,clamperl,Clamperl,,4,f,f,f,396
367,huntail,Huntail,366,,f,f,f,397
368,gorebyss,Gorebyss,366,,f,f,f,398
369,relicanth,Relicanth,,5,f,f,f,399
370,luvdisc,Luvdisc,,4,f,f,f,400
371,bagon,Bagon,,7,f,f,f,401
372,shelgon,Shelgon,371,,f,f,f,402
373,salamence,Salamence,372,,f,f,f,403
374,beldum,Beldum,,8,f,f,f,404
375,metang,Metang,374,,f,f,f,405
376,metagross,Metagross,375,,f,f,f,406
377,regirock,Regirock,,,f,f,f,407
378,regice,Regice,,,f,f,f,408
379,registeel,Registeel,,,f,f,f,409
380,latias,Latias,,,f,f,f,410
381,latios,Latios,,,f,f,f,411
382,kyogre,Kyogre,,,f,f,f,412
383,groudon,Groudon,,,f,f,f,413
384,rayquaza,Rayquaza,,,f,f,f,414
385,jirachi,Jirachi,,,f,f,f,415
386,deoxys,Deoxys,,,f,t,f,416
387,turtwig,Turtwig,,8,t,f,f,417
388,grotle,Grotle,387,,f,f,f,418
389,torterra,Torterra,388,,f,f,f,419
390,chimchar,Chimchar,,8,t,f,f,420
391,monferno,Monferno,390,,f,f,f,421
392,infernape,Infernape,391,,f,f,f,422
393,piplup,Piplup,,8,t,f,f,423
394,prinplup,Prinplup,393,,f,f,f,424
395,empoleon,Empoleon,394,,f,f,f,425
396,starly,Starly,,1,f,f,f,426
397,staravia,Staravia,396,,f,f,f,427
398,staraptor,Staraptor,397,,f,f,f,428
399,bidoof,Bidoof,,1,f,f,f,429
400,bibarel,Bibarel,399,,f,f,f,430
401,kricketot,Kricketot,,1,f,f,f,431
402,kricketune,Kricketune,401,,f,f,f,432
403,shinx,Shinx,,1,f,f,f,433
404,luxio,Luxio,403,,f,f,f,434
405,luxray,Luxray,404,,f,f,f,435
406,budew,Budew,,1,f,f,f,341
407,roserade,Roserade,315,,f,f,f,343
408,cranidos,Cranidos,,8,f,f,f,436
409,rampardos,Rampardos,408,,f,f,f,437
410,shieldon,Shieldon,,8,f,f,f,438
411,bastiodon,Bastiodon,410,,f,f,f,439
412,burmy,Burmy,,5,f,t,f,440
413,wormadam,Wormadam,412,,f,f,f,441
414,mothim,Mothim,412,,f,f,f,442
415,combee,Combee,,5,f,f,f,443
416,vespiquen,Vespiquen,415,,f,f,f,444
417,pachirisu,Pachirisu,,4,f,f,f,445
418,buizel,Buizel,,3,f,f,f,446
419,floatzel,Floatzel,418,,f,f,f,447
420,cherubi,Cherubi,,4,f,f,f,448
421,cherrim,Cherrim,420,,f,t,f,449
422,shellos,Shellos,,2,f,f,f,450
423,gastrodon,Gastrodon,422,,f,f,f,451
424,ambipom,Ambipom,190,,f,f,f,220
425,drifloon,Drifloon,,8,f,f,f,452
426,drifblim,Drifblim,425,,f,f,f,453
427,buneary,Buneary,,3,f,f,f,454
428,lopunny,Lopunny,427,,f,f,f,455
429,mismagius,Mismagius,200,,f,f,f,230
430,honchkrow,Honchkrow,198,,f,f,f,228
431,glameow,Glameow,,3,f,f,f,456
432,purugly,Purugly,431,,f,f,f,457
433,chingling,Chingling,,5,f,f,f,387
434,stunky,Stunky,,3,f,f,f,458
435,skuntank,Skuntank,434,,f,f,f,459
436,bronzor,Bronzor,,4,f,f,f,460
437,bronzong,Bronzong,436,,f,f,f,461
438,bonsly,Bonsly,,5,f,f,f,214
439,mime-jr,Mime Jr.,,5,f,f,f,139
440,happiny,Happiny,,5,f,f,f,126
441,chatot,Chatot,,7,f,f,f,462
442,spiritomb,Spiritomb,,6,f,f,f,463
443,gible,Gible,,7,f,f,f,464
444,gabite,Gabite,443,,f,f,f,465
445,garchomp,Garchomp,444,,f,t,f,466
446,munchlax,Munchlax,,7,f,f,f,174
447,riolu,Riolu,,7,f,f,f,467
448,lucario,Lucario,447,,f,t,f,468
449,hippopotas,Hippopotas,,5,f,f,f,469
450,hippowdon,Hippowdon,449,,f,f,f,470
451,skorupi,Skorupi,,5,f,f,f,471
452,drapion,Drapion,451,,f,f,f,472
453,croagunk,Croagunk,,5,f,f,f,473
454,toxicroak,Toxicroak,453,,f,f,f,474
455,carnivine,Carnivine,,7,f,f,f,475
456,finneon,Finneon,,4,f,f,f,476
457,lumineon,Lumineon,456,,f,f,f,477
458,mantyke,Mantyke,,7,f,f,f,258
459,snover,Snover,,6,f,f,f,478
460,abomasnow,Abomasnow,459,,f,t,f,479
461,weavile,Weavile,215,,f,f,f,246
462,magnezone,Magnezone,82,,f,f,f,90
463,lickilicky,Lickilicky,108,,f,f,f,120
464,rhyperior,Rhyperior,112,,f,f,f,125
465,tangrowth,Tangrowth,114,,f,f,f,130
466,electivire,Electivire,125,,f,f,f,147
467,magmortar,Magmortar,126,,f,f,f,150
468,togekiss,Togekiss,176,,f,f,f,205
469,yanmega,Yanmega,193,,f,f,f,224
470,leafeon,Leafeon,133,,f,f,f,163
471,glaceon,Glaceon,133,,f,f,f,164
472,gliscor,Gliscor,207,,f,f,f,239
473,mamoswine,Mamoswine,221,,f,f,f,253
474,porygon-z,Porygon-Z,233,,f,f,f,168
475,gallade,Gallade,281,,f,f,f,308
476,probopass,Probopass,299,,f,f,f,325
477,dusknoir,Dusknoir,356,,f,f,f,385
478,froslass,Froslass,361,,f,f,f,392
479,rotom,Rotom,,8,f,t,f,480
480,uxie,Uxie,,,f,f,f,481
481,mesprit,Mesprit,,,f,f,f,482
482,azelf,Azelf,,,f,f,f,483
483,dialga,Dialga,,,f,f,f,484
484,palkia,Palkia,,,f,f,f,485
485,heatran,Heatran,,,f,f,f,486
486,regigigas,Regigigas,,,f,f,f,487
487,giratina,Giratina,,,f,t,f,488
488,cresselia,Cresselia,,,f,f,f,489
489,phione,Phione,,8,f,f,f,490
490,manaphy,Manaphy,,,f,f,f,491
491,darkrai,Darkrai,,,f,f,f,492
492,shaymin,Shaymin,,,f,t,f,493
493,arceus,Arceus,,,f,t,f,494
494,victini,Victini,,,f,f,f,495
495,snivy,Snivy,,8,t,f,f,496
496,servine,Servine,495,,f,f,f,497
497,serperior,Serperior,496,,f,f,f,498
498,tepig,Tepig,,8,t,f,f,499
499,pignite,Pignite,498,,f,f,f,500
500,emboar,Emboar,499,,f,f,f,501
501,oshawott,Oshawott,,8,t,f,f,502
502,dewott,Dewott,501,,f,f,f,503
503,samurott,Samurott,502,,f,f,f,504
504,patrat,Patrat,,1,f,f,f,505
505,watchog,Watchog,504,,f,f,f,506
506,lillipup,Lillipup,,1,f,f,f,507
507,herdier,Herdier,506,,f,f,f,508
508,stoutland,Stoutland,507,,f,f,f,509
509,purrloin,Purrloin,,2,f,f,f,510
510,liepard,Liepard,509,,f,f,f,511
511,pansage,Pansage,,7,f,f,f,512
512,simisage,Simisage,511,,f,f,f,513
513,pansear,Pansear,,7,f,f,f,514
514,simisear,Simisear,513,,f,f,f,515
515,panpour,Panpour,,7,f,f,f,516
516,simipour,Simipour,515,,f,f,f,517
517,munna,Munna,,4,f,f,f,518
518,musharna,Musharna,517,,f,f,f,519
519,pidove,Pidove,,1,f,f,f,520
520,tranquill,Tranquill,519,,f,f,f,521
521,unfezant,Unfezant,520,,f,f,f,522
522,blitzle,Blitzle,,2,f,f,f,523
523,zebstrika,Zebstrika,522,,f,f,f,524
524,roggenrola,Roggenrola,,2,f,f,f,525
525,boldore,Boldore,524,,f,f,f,526
526,gigalith,Gigalith,525,,f,f,f,527
527,woobat,Woobat,,1,f,f,f,528
528,swoobat,Swoobat,527,,f,f,f,529
529,drilbur,Drilbur,,1,f,f,f,530
530,excadrill,Excadrill,529,,f,f,f,531
531,audino,Audino,,2,f,f,f,532
532,timburr,Timburr,,2,f,f,f,533
533,gurdurr,Gurdurr,532,,f,f,f,534
534,conkeldurr,Conkeldurr,533,,f,f,f,535
535,tympole,Tympole,,3,f,f,f,536
536,palpitoad,Palpitoad,535,,f,f,f,537
537,seismitoad,Seismitoad,536,,f,f,f,538
538,throh,Throh,,6,f,f,f,539
539,sawk,Sawk,,6,f,f,f,540
540,sewaddle,Sewaddle,,3,f,f,f,541
541,swadloon,Swadloon,540,,f,f,f,542
542,leavanny,Leavanny,541,,f,f,f,543
543,venipede,Venipede,,2,f,f,f,544
544,whirlipede,Whirlipede,543,,f,f,f,545
545,scolipede,Scolipede,544,,f,f,f,546
546,cottonee,Cottonee,,3,f,f,f,547
547,whimsicott,Whimsicott,546,,f,f,f,548
548,petilil,Petilil,,4,f,f,f,549
549,lilligant,Lilligant,548,,f,f,f,550
550,basculin,Basculin,,4,f,f,f,551
551,sandile,Sandile,,3,f,f,f,552
552,krokorok,Krokorok,551,,f,f,f,553
553,krookodile,Krookodile,552,,f,f,f,554
554,darumaka,Darumaka,,4,f,f,f,555
555,darmanitan,Darmanitan,554,,f,t,f,556
556,maractus,Maractus,,5,f,f,f,557
557,dwebble,Dwebble,,4,f,f,f,558
558,crustle,Crustle,557,,f,f,f,559
559,scraggy,Scraggy,,4,f,f,f,560
560,scrafty,Scrafty,559,,f,f,f,561
561,sigilyph,Sigilyph,,6,f,f,f,562
562,yamask,Yamask,,5,f,f,f,563
563,cofagrigus,Cofagrigus,562,,f,f,f,564
564,tirtouga,Tirtouga,,8,f,f,f,565
565,carracosta,Carracosta,564,,f,f,f,566
566,archen,Archen,,8,f,f,f,567
567,archeops,Archeops,566,,f,f,f,568
568,trubbish,Trubbish,,4,f,f,f,569
569,garbodor,Garbodor,568,,f,f,f,570
570,zorua,Zorua,,8,f,f,f,571
571,zoroark,Zoroark,570,,f,f,f,572
572,minccino,Minccino,,3,f,f,f,573
573,cinccino,Cinccino,572,,f,f,f,574
574,gothita,Gothita,,3,f,f,f,575
575,gothorita,Gothorita,574,,f,f,f,576
576,gothitelle,Gothitelle,575,,f,f,f,577
577,solosis,Solosis,,3,f,f,f,578
578,duosion,Duosion,577,,f,f,f,579
579,reuniclus,Reuniclus,578,,f,f,f,580
580,ducklett,Ducklett,,4,f,f,f,581
581,swanna,Swanna,580,,f,f,f,582
582,vanillite,Vanillite,,3,f,f,f,583
583,vanillish,Vanillish,582,,f,f,f,584
584,vanilluxe,Vanilluxe,583,,f,f,f,585
585,deerling,Deerling,,3,f,t,f,586
586,sawsbuck,Sawsbuck,585,,f,t,f,587
587,emolga,Emolga,,3,f,f,f,588
588,karrablast,Karrablast,,5,f,f,f,589
589,escavalier,Escavalier,588,,f,f,f,590
590,foongus,Foongus,,3,f,f,f,591
591,amoonguss,Amoonguss,590,,f,f,f,592
592,frillish,Frillish,,3,f,f,f,593
593,jellicent,Jellicent,592,,f,f,f,594
594,alomomola,Alomomola,,3,f,f,f,595
595,joltik,Joltik,,4,f,f,f,596
596,galvantula,Galvantula,595,,f,f,f,597
597,ferroseed,Ferroseed,,4,f,f,f,598
598,ferrothorn,Ferrothorn,597,,f,f,f,599
599,klink,Klink,,5,f,f,f,600
600,klang,Klang,599,,f,f,f,601
601,klinklang,Klinklang,600,,f,f,f,602
602,tynamo,Tynamo,,7,f,f,f,603
603,eelektrik,Eelektrik,602,,f,f,f,604
604,eelektross,Eelektross,603,,f,f,f,605
605,elgyem,Elgyem,,4,f,f,f,606
606,beheeyem,Beheeyem,605,,f,f,f,607
607,litwick,Litwick,,3,f,f,f,608
608,lampent,Lampent,607,,f,f,f,609
609,chandelure,Chandelure,608,,f,f,f,610
610,axew,Axew,,7,f,f,f,611
611,fraxure,Fraxure,610,,f,f,f,612
612,haxorus,Haxorus,611,,f,f,f,613
613,cubchoo,Cubchoo,,4,f,f,f,614
614,beartic,Beartic,613,,f,f,f,615
615,cryogonal,Cryogonal,,7,f,f,f,616
616,shelmet,Shelmet,,5,f,f,f,617
617,accelgor,Accelgor,616,,f,f,f,618
618,stunfisk,Stunfisk,,5,f,f,f,619
619,mienfoo,Mienfoo,,5,f,f,f,620
620,mienshao,Mienshao,619,,f,f,f,621
621,druddigon,Druddigon,,7,f,f,f,622
622,golett,Golett,,6,f,f,f,623
623,golurk,Golurk,622,,f,f,f,624
624,pawniard,Pawniard,,6,f,f,f,625
625,bisharp,Bisharp,624,,f,f,f,626
626,bouffalant,Bouffalant,,6,f,f,f,627
627,rufflet,Rufflet,,3,f,f,f,628
628,braviary,Braviary,627,,f,f,f,629
629,vullaby,Vullaby,,3,f,f,f,630
630,mandibuzz,Mandibuzz,629,,f,f,f,631
631,heatmor,Heatmor,,6,f,f,f,632
632,durant,Durant,,6,f,f,f,633
633,deino,Deino,,7,f,f,f,634
634,zweilous,Zweilous,633,,f,f,f,635
635,hydreigon,Hydreigon,634,,f,f,f,636
636,larvesta,Larvesta,,8,f,f,f,637
637,volcarona,Volcarona,636,,f,f,f,638
638,cobalion,Cobalion,,,f,f,f,639
639,terrakion,Terrakion,,,f,f,f,640
640,virizion,Virizion,,,f,f,f,641
641,tornadus,Tornadus,,,f,t,f,642
642,thundurus,Thundurus,,,f,t,f,643
643,reshiram,Reshiram,,,f,f,f,644
644,zekrom,Zekrom,,,f,f,f,645
645,landorus,Landorus,,,f,t,f,646
646,kyurem,Kyurem,,,f,t,f,647
647,keldeo,Keldeo,,,f,t,f,648
648,meloetta,Meloetta,,,f,t,f,649
649,genesect,Genesect,,,f,t,f,650
650,chespin,Chespin,,8,t,f,f,651
651,quilladin,Quilladin,650,,f,f,f,652
652,chesnaught,Chesnaught,651,,f,f,f,653
653,fennekin,Fennekin,,8,t,f,f,654
654,braixen,Braixen,653,,f,f,f,655
655,delphox,Delphox,654,,f,f,f,656
656,froakie,Froakie,,8,t,f,f,657
657,frogadier,Frogadier,656,,f,f,f,658
658,greninja,Greninja,657,,f,f,f,659
659,bunnelby,Bunnelby,,1,f,f,f,660
660,diggersby,Diggersby,659,,f,f,f,661
661,fletchling,Fletchling,,1,f,f,f,662
662,fletchinder,Fletchinder,661,,f,f,f,663
663,talonflame,Talonflame,662,,f,f,f,664
664,scatterbug,Scatterbug,,1,f,f,f,665
665,spewpa,Spewpa,664,,f,f,f,666
666,vivillon,Vivillon,665,,f,f,f,667
667,litleo,Litleo,,2,f,f,f,668
668,pyroar,Pyroar,667,,f,f,f,669
669,flabebe,Flabébé,,2,f,f,f,670
670,floette,Floette,669,,f,f,f,671
671,florges,Florges,670,,f,f,f,672
672,skiddo,Skiddo,,3,f,f,f,673
673,gogoat,Gogoat,672,,f,f,f,674
674,pancham,Pancham,,3,f,f,f,675
675,pangoro,Pangoro,674,,f,f,f,676
676,furfrou,Furfrou,,3,f,t,f,677
677,espurr,Espurr,,3,f,f,f,678
678,meowstic,Meowstic,677,,f,f,f,679
679,honedge,Honedge,,5,f,f,f,680
680,doublade,Doublade,679,,f,f,f,681
681,aegislash,Aegislash,680,,f,t,f,682
682,spritzee,Spritzee,,4,f,f,f,683
683,aromatisse,Aromatisse,682,,f,f,f,684
684,swirlix,Swirlix,,4,f,f,f,685
685,slurpuff,Slurpuff,684,,f,f,f,686
686,inkay,Inkay,,3,f,f,f,687
687,malamar,Malamar,686,,f,f,f,688
688,binacle,Binacle,,3,f,f,f,689
689,barbaracle,Barbaracle,688,,f,f,f,690
690,skrelp,Skrelp,,4,f,f,f,691
691,dragalge,Dragalge,690,,f,f,f,692
692,clauncher,Clauncher,,4,f,f,f,693
693,clawitzer,Clawitzer,692,,f,f,f,694
694,helioptile,Helioptile,,3,f,f,f,695
695,heliolisk,Heliolisk,694,,f,f,f,696
696,tyrunt,Tyrunt,,8,f,f,f,697
697,tyrantrum,Tyrantrum,696,,f,f,f,698
698,amaura,Amaura,,8,f,f,f,699
699,aurorus,Aurorus,698,,f,f,f,700
700,sylveon,Sylveon,133,,f,f,f,165
701,hawlucha,Hawlucha,,4,f,f,f,701
702,dedenne,Dedenne,,4,f,f,f,702
703,carbink,Carbink,,4,f,f,f,703
704,goomy,Goomy,,7,f,f,f,704
705,sliggoo,Sliggoo,704,,f,f,f,705
706,goodra,Goodra,705,,f,f,f,706
707,klefki,Klefki,,5,f,f,f,707
708,phantump,Phantump,,5,f,f,f,708
709,trevenant,Trevenant,708,,f,f,f,709
710,pumpkaboo,Pumpkaboo,,5,f,f,f,710
711,gourgeist,Gourgeist,710,,f,f,f,711
712,bergmite,Bergmite,,6,f,f,f,712
713,avalugg,Avalugg,712,,f,f,f,713
714,noibat,Noibat,,7,f,f,f,714
715,noivern,Noivern,714,,f,f,f,715
716,xerneas,Xerneas,,,f,t,f,716
717,yveltal,Yveltal,,,f,f,f,717
718,zygarde,Zygarde,,,f,f,f,718
10001,enculli,Enculli,,7,f,f,t,719
10002,homuncull,Homuncull,,,f,f,t,720
10003,spraylet,Spraylet,,7,f,f,t,721
10004,pandive,Pandive,,,f,f,t,722
10005,osgrave,Osgrave,,,f,f,t,723
10006,myrid,Myrid,,8,f,f,t,724
10007,tsuki,Tsuki,,7,f,f,t,725
10008,tsukiyurei,Tsukiyurei,,,f,f,t,726
10009,tsukihayai,Tsukihayai,,,f,f,t,727
10010,tsukimaru,Tsukimaru,,,f,f,t,728
10011,sheebit,Sheebit,,7,f,f,t,729
10012,terrabbit,Terrabbit,,,f,f,t,730
10013,laissure,Laissure,,,f,f,t,731
10014,rasqueon,Rasqueon,,8,f,f,t,732
10015,skelitten,Skelitten,,7,f,f,t,733
10016,skeline,Skeline,,,f,f,t,734
10017,cappun,Cappun,,8,f,f,t,735
10018,babydrake,Babydrake,,7,f,f,t,736
10019,childora,Childora,,,f,f,t,737
10020,sabitten,Sabitten,,8,f,f,t,738
10021,sabura,Sabura,,,f,f,t,739
10022,saburea,Saburea,,,f,f,t,740
10023,kitora,Kitora,,8,f,f,t,741
10024,zoritsune,Zoritsune,,,f,f,t,742
10025,alrunnik,Alrunnik,,7,f,f,t,743
10026,skunkunne,Skunkunne,,,f,f,t,744
10027,dragomelet,Dragomelet,,7,f,f,t,745
10028,wyrmarble,Wyrmarble,,,f,f,t,746
10029,obsidrake,Obsidrake,,,f,f,t,747
10030,wyrmal,Wyrmal,,8,f,f,t,748
10031,ventorm,Ventorm,,,f,f,t,749
10032,hennic,Hennic,,,f,f,t,750
10033,hennox,Hennox,,,f,f,t,751
10034,frizard,Frizard,,8,f,f,t,752
10035,feurisdesche,Feurisdesche,,,f,f,t,753
